filename     , size_bytes, time_seconds, min       , max
konst_1.txt  ,         70, 2.9707e-06  , 2.416e-06 , 4.833e-06
konst_2.txt  ,        123, 2.7336e-06  , 2.458e-06 , 4.834e-06
konst_4.txt  ,        205, 2.9374e-06  , 2.541e-06 , 4.917e-06
konst_8.txt  ,        362, 3.0835e-06  , 2.667e-06 , 4.042e-06
konst_16.txt ,        996, 2.9835e-06  , 2.833e-06 , 4.083e-06
konst_32.txt ,       1841, 3.5414e-06  , 3.375e-06 , 4.417e-06
konst_64.txt ,       3712, 4.3291e-06  , 4.291e-06 , 4.458e-06
konst_128.txt,       9155, 7.5291e-06  , 7.291e-06 , 8.584e-06
konst_256.txt,      20409, 1.27164e-05 , 1.2625e-05, 1.2958e-05
konst_512.txt,      47434, 2.45333e-05 , 2.4375e-05, 2.475e-05
konst_789.txt,      75595, 3.76082e-05 , 3.6083e-05, 3.8291e-05
